{
    "classes_":[
        0,
        1,
        2
    ],
    "coef_":[
        [
            0.42625236403173844,
            -8.557501546363858
        ],
        [
            1.5644231337040186,
            -1.6783659020502222
        ],
        [
            -1.990675497337773,
            10.235867448186507
        ]
    ],
    "intercept_":[
        27.533384852155145,
        4.18509910962595,
        -31.71848396177913
    ],
    "n_iter_":[
        27
    ]
}